CREATE TABLE IF NOT EXISTS IDN_BASE_TABLE (
            PRODUCT_NAME VARCHAR (20),
            PRIMARY KEY (PRODUCT_NAME)
);

CREATE TABLE IF NOT EXISTS IDN_OAUTH_CONSUMER_APPS (
            ID INTEGER NOT NULL AUTO_INCREMENT,
            CONSUMER_KEY VARCHAR (255),
            CONSUMER_SECRET VARCHAR (512),
            USERNAME VARCHAR (255),
            TENANT_ID INTEGER DEFAULT 0,
            USER_DOMAIN VARCHAR(50),
            APP_NAME VARCHAR (255),
            OAUTH_VERSION VARCHAR (128),
            CALLBACK_URL VARCHAR (1024),
            GRANT_TYPES VARCHAR (1024),
            PKCE_MANDATORY CHAR(1) DEFAULT '0',
            PKCE_SUPPORT_PLAIN CHAR(1) DEFAULT '0',
            APP_STATE VARCHAR (25) DEFAULT 'ACTIVE',
            USER_ACCESS_TOKEN_EXPIRE_TIME BIGINT DEFAULT 3600000,
            APP_ACCESS_TOKEN_EXPIRE_TIME BIGINT DEFAULT 3600000,
            REFRESH_TOKEN_EXPIRE_TIME BIGINT DEFAULT 84600000,
            ID_TOKEN_EXPIRE_TIME BIGINT DEFAULT 3600000,
            CONSTRAINT CONSUMER_KEY_CONSTRAINT UNIQUE (CONSUMER_KEY),
            PRIMARY KEY (ID)
);


CREATE TABLE IF NOT EXISTS IDN_OAUTH2_SCOPE_VALIDATORS (
	APP_ID INTEGER NOT NULL,
	SCOPE_VALIDATOR VARCHAR (128) NOT NULL,
	PRIMARY KEY (APP_ID,SCOPE_VALIDATOR),
	FOREIGN KEY (APP_ID) REFERENCES IDN_OAUTH_CONSUMER_APPS(ID) ON DELETE CASCADE
);

CREATE TABLE IF NOT EXISTS IDN_OPENID_USER_RPS (
			USER_NAME VARCHAR(255) NOT NULL,
			TENANT_ID INTEGER DEFAULT 0,
			RP_URL VARCHAR(255) NOT NULL,
			TRUSTED_ALWAYS VARCHAR(128) DEFAULT 'FALSE',
			LAST_VISIT DATE NOT NULL,
			VISIT_COUNT INTEGER DEFAULT 0,
			DEFAULT_PROFILE_NAME VARCHAR(255) DEFAULT 'DEFAULT',
			PRIMARY KEY (USER_NAME, TENANT_ID, RP_URL)
);

CREATE TABLE IF NOT EXISTS  IDN_OIDC_PROPERTY (
  ID INTEGER NOT NULL AUTO_INCREMENT,
  TENANT_ID  INTEGER,
  CONSUMER_KEY  VARCHAR(255) ,
  PROPERTY_KEY  VARCHAR(255) NOT NULL,
  PROPERTY_VALUE  VARCHAR(2047) ,
  PRIMARY KEY (ID),
  FOREIGN KEY (CONSUMER_KEY) REFERENCES IDN_OAUTH_CONSUMER_APPS(CONSUMER_KEY) ON DELETE CASCADE
);

CREATE TABLE IF NOT EXISTS IDN_OIDC_SCOPE (
            ID INTEGER NOT NULL AUTO_INCREMENT,
            NAME VARCHAR(255) NOT NULL,
            TENANT_ID INTEGER DEFAULT -1,
            PRIMARY KEY (ID)
);

CREATE TABLE IF NOT EXISTS IDN_OIDC_SCOPE_CLAIM_MAPPING (
            ID INTEGER NOT NULL AUTO_INCREMENT,
            SCOPE_ID INTEGER,
            EXTERNAL_CLAIM_ID INTEGER,
            TENANT_ID INTEGER DEFAULT -1,
            PRIMARY KEY (ID)
);
CREATE TABLE IF NOT EXISTS IDN_CLAIM (
  ID INTEGER NOT NULL AUTO_INCREMENT,
  DIALECT_ID INTEGER,
  CLAIM_URI VARCHAR (255) NOT NULL,
  TENANT_ID INTEGER NOT NULL,
  PRIMARY KEY (ID)
);
CREATE TABLE IF NOT EXISTS IDN_CLAIM_DIALECT (
  ID INTEGER NOT NULL AUTO_INCREMENT,
  DIALECT_URI VARCHAR (255) NOT NULL,
  TENANT_ID INTEGER NOT NULL,
  PRIMARY KEY (ID)
);

INSERT INTO IDN_CLAIM_DIALECT(ID,DIALECT_URI,TENANT_ID) VALUES
(1,'http://wso2.org/oidc/claim',1);
INSERT INTO IDN_OIDC_SCOPE (ID, NAME, TENANT_ID) VALUES
            (17, 'address', 1);
INSERT INTO IDN_CLAIM (ID, DIALECT_ID, CLAIM_URI,TENANT_ID) VALUES
            (1, 5,'address.country', 1);
INSERT INTO IDN_OIDC_SCOPE_CLAIM_MAPPING  (ID, SCOPE_ID, EXTERNAL_CLAIM_ID,TENANT_ID) VALUES
            (1, 17,1, 1);
INSERT INTO IDN_OIDC_SCOPE (ID, NAME, TENANT_ID) VALUES
            (2, 'openid', 1);
INSERT INTO IDN_CLAIM (ID, DIALECT_ID, CLAIM_URI,TENANT_ID) VALUES
            (2, 5,'username', 1);
INSERT INTO IDN_CLAIM (ID, DIALECT_ID, CLAIM_URI,TENANT_ID) VALUES
            (3, 5,'sub', 1);
INSERT INTO IDN_OIDC_SCOPE_CLAIM_MAPPING  (ID, SCOPE_ID, EXTERNAL_CLAIM_ID,TENANT_ID) VALUES
            (2, 2,2, 1);
INSERT INTO IDN_OIDC_SCOPE_CLAIM_MAPPING  (ID, SCOPE_ID, EXTERNAL_CLAIM_ID,TENANT_ID) VALUES
            (3, 2,3, 1);
INSERT INTO IDN_CLAIM (ID, DIALECT_ID, CLAIM_URI,TENANT_ID) VALUES
            (4, 5,'email', 1);
INSERT INTO IDN_OIDC_SCOPE_CLAIM_MAPPING  (ID, SCOPE_ID, EXTERNAL_CLAIM_ID,TENANT_ID) VALUES
            (4, 2,4, 1);
INSERT INTO IDN_CLAIM (ID, DIALECT_ID, CLAIM_URI,TENANT_ID) VALUES
            (5, 5,'role', 1);
INSERT INTO IDN_OIDC_SCOPE_CLAIM_MAPPING  (ID, SCOPE_ID, EXTERNAL_CLAIM_ID,TENANT_ID) VALUES
            (5, 2,5, 1);
INSERT INTO IDN_CLAIM (ID, DIALECT_ID, CLAIM_URI,TENANT_ID) VALUES
            (6, 5,'phone_number_verified', 1);
INSERT INTO IDN_OIDC_SCOPE_CLAIM_MAPPING  (ID, SCOPE_ID, EXTERNAL_CLAIM_ID,TENANT_ID) VALUES
            (6, 2,6, 1);
INSERT INTO IDN_CLAIM (ID, DIALECT_ID, CLAIM_URI,TENANT_ID) VALUES
            (7, 5,'updated_at', 1);
INSERT INTO IDN_OIDC_SCOPE_CLAIM_MAPPING  (ID, SCOPE_ID, EXTERNAL_CLAIM_ID,TENANT_ID) VALUES
            (7, 2,7, 1);
INSERT INTO IDN_CLAIM (ID, DIALECT_ID, CLAIM_URI,TENANT_ID) VALUES
            (8, 5,'email_verified',1);
INSERT INTO IDN_OIDC_SCOPE_CLAIM_MAPPING  (ID, SCOPE_ID, EXTERNAL_CLAIM_ID,TENANT_ID) VALUES
            (8, 2,8, 1);

INSERT INTO IDN_OIDC_SCOPE_CLAIM_MAPPING  (ID, SCOPE_ID, EXTERNAL_CLAIM_ID,TENANT_ID) VALUES
            (9, 2,1, 1);

INSERT INTO IDN_OIDC_SCOPE (ID, NAME, TENANT_ID) VALUES
            (10, 'address',-1234);
INSERT INTO IDN_CLAIM (ID, DIALECT_ID, CLAIM_URI,TENANT_ID) VALUES
            (10, 5,'address.country', -1234);
INSERT INTO IDN_OIDC_SCOPE_CLAIM_MAPPING  (ID, SCOPE_ID, EXTERNAL_CLAIM_ID,TENANT_ID) VALUES
            (10, 10,1, -1234);
INSERT INTO IDN_OIDC_SCOPE (ID, NAME, TENANT_ID) VALUES
            (11, 'openid', -1234);
INSERT INTO IDN_CLAIM (ID, DIALECT_ID, CLAIM_URI,TENANT_ID) VALUES
            (11, 5,'updated_at',-1234);
INSERT INTO IDN_CLAIM (ID, DIALECT_ID, CLAIM_URI,TENANT_ID) VALUES
            (12, 5,'sub', -1234);
INSERT INTO IDN_OIDC_SCOPE_CLAIM_MAPPING  (ID, SCOPE_ID, EXTERNAL_CLAIM_ID,TENANT_ID) VALUES
            (12, 11,11, -1234);
INSERT INTO IDN_OIDC_SCOPE_CLAIM_MAPPING  (ID, SCOPE_ID, EXTERNAL_CLAIM_ID,TENANT_ID) VALUES
            (13, 11,12, -1234);
INSERT INTO IDN_CLAIM (ID, DIALECT_ID, CLAIM_URI,TENANT_ID) VALUES
            (14, 5,'first_name', -1234);
INSERT INTO IDN_OIDC_SCOPE_CLAIM_MAPPING  (ID, SCOPE_ID, EXTERNAL_CLAIM_ID,TENANT_ID) VALUES
            (14, 11,14, -1234);
INSERT INTO IDN_CLAIM (ID, DIALECT_ID, CLAIM_URI,TENANT_ID) VALUES
            (15, 5,'role', -1234);
INSERT INTO IDN_OIDC_SCOPE_CLAIM_MAPPING  (ID, SCOPE_ID, EXTERNAL_CLAIM_ID,TENANT_ID) VALUES
            (15, 2,15, -1234);
INSERT INTO IDN_CLAIM (ID, DIALECT_ID, CLAIM_URI,TENANT_ID) VALUES
            (16, 5,'phone_number_verified', -1234);
INSERT INTO IDN_OIDC_SCOPE_CLAIM_MAPPING  (ID, SCOPE_ID, EXTERNAL_CLAIM_ID,TENANT_ID) VALUES
            (16, 11,16, -1234);
INSERT INTO IDN_CLAIM (ID, DIALECT_ID, CLAIM_URI,TENANT_ID) VALUES
            (17, 5,'email', -1234);
INSERT INTO IDN_OIDC_SCOPE_CLAIM_MAPPING  (ID, SCOPE_ID, EXTERNAL_CLAIM_ID,TENANT_ID) VALUES
            (17, 11,17, -1234);
INSERT INTO IDN_CLAIM (ID, DIALECT_ID, CLAIM_URI,TENANT_ID) VALUES
            (18, 5,'email_verified', -1234);
INSERT INTO IDN_OIDC_SCOPE_CLAIM_MAPPING  (ID, SCOPE_ID, EXTERNAL_CLAIM_ID,TENANT_ID) VALUES
            (18, 11,18, -1234);

INSERT INTO IDN_CLAIM (ID, DIALECT_ID, CLAIM_URI,TENANT_ID) VALUES
            (21, 5,'first_name',-1234);
INSERT INTO IDN_OIDC_SCOPE_CLAIM_MAPPING  (ID, SCOPE_ID, EXTERNAL_CLAIM_ID,TENANT_ID) VALUES
            (21, 2,21, -1234);
INSERT INTO IDN_CLAIM_DIALECT(ID,DIALECT_URI,TENANT_ID) VALUES
(2,'http://wso2.org/oidc/claim',-1234);
