
CREATE TABLE IF NOT EXISTS IDN_OIDC_SCOPE (
            ID INTEGER NOT NULL AUTO_INCREMENT,
            NAME VARCHAR(255) NOT NULL,
            TENANT_ID INTEGER DEFAULT -1,
            PRIMARY KEY (ID)
);

CREATE TABLE IF NOT EXISTS IDN_OIDC_SCOPE_CLAIM_MAPPING (
            ID INTEGER NOT NULL AUTO_INCREMENT,
            SCOPE_ID INTEGER,
            EXTERNAL_CLAIM_ID INTEGER,
            TENANT_ID INTEGER DEFAULT -1,
            PRIMARY KEY (ID)
);
CREATE TABLE IF NOT EXISTS IDN_CLAIM (
  ID INTEGER NOT NULL AUTO_INCREMENT,
  DIALECT_ID INTEGER,
  CLAIM_URI VARCHAR (255) NOT NULL,
  TENANT_ID INTEGER NOT NULL,
  PRIMARY KEY (ID)
);
CREATE TABLE IF NOT EXISTS IDN_CLAIM_DIALECT (
  ID INTEGER NOT NULL AUTO_INCREMENT,
  DIALECT_URI VARCHAR (255) NOT NULL,
  TENANT_ID INTEGER NOT NULL,
  PRIMARY KEY (ID)
);

INSERT INTO IDN_CLAIM_DIALECT(ID,DIALECT_URI,TENANT_ID) VALUES (1,'http://wso2.org/oidc/claim',1);
INSERT INTO IDN_OIDC_SCOPE (ID, NAME, TENANT_ID) VALUES
            (17, 'address', 1);
INSERT INTO IDN_CLAIM (ID, DIALECT_ID, CLAIM_URI,TENANT_ID) VALUES
            (1, 1,'address.country', 1);
INSERT INTO IDN_OIDC_SCOPE_CLAIM_MAPPING  (ID, SCOPE_ID, EXTERNAL_CLAIM_ID,TENANT_ID) VALUES
            (1, 17,1, 1);
INSERT INTO IDN_OIDC_SCOPE (ID, NAME, TENANT_ID) VALUES
            (2, 'openid', 1);
INSERT INTO IDN_CLAIM (ID, DIALECT_ID, CLAIM_URI,TENANT_ID) VALUES
            (2, 1,'username', 1);
INSERT INTO IDN_CLAIM (ID, DIALECT_ID, CLAIM_URI,TENANT_ID) VALUES
            (3, 1,'sub', 1);
INSERT INTO IDN_OIDC_SCOPE_CLAIM_MAPPING  (ID, SCOPE_ID, EXTERNAL_CLAIM_ID,TENANT_ID) VALUES
            (2, 2,2, 1);
INSERT INTO IDN_OIDC_SCOPE_CLAIM_MAPPING  (ID, SCOPE_ID, EXTERNAL_CLAIM_ID,TENANT_ID) VALUES
            (3, 2,3, 1);
INSERT INTO IDN_CLAIM (ID, DIALECT_ID, CLAIM_URI,TENANT_ID) VALUES
            (4, 1,'email', 1);
INSERT INTO IDN_OIDC_SCOPE_CLAIM_MAPPING  (ID, SCOPE_ID, EXTERNAL_CLAIM_ID,TENANT_ID) VALUES
            (4, 2,4, 1);
INSERT INTO IDN_CLAIM (ID, DIALECT_ID, CLAIM_URI,TENANT_ID) VALUES
            (5, 1,'role', 1);
INSERT INTO IDN_OIDC_SCOPE_CLAIM_MAPPING  (ID, SCOPE_ID, EXTERNAL_CLAIM_ID,TENANT_ID) VALUES
            (5, 2,5, 1);
INSERT INTO IDN_CLAIM (ID, DIALECT_ID, CLAIM_URI,TENANT_ID) VALUES
            (6, 1,'phone_number_verified', 1);
INSERT INTO IDN_OIDC_SCOPE_CLAIM_MAPPING  (ID, SCOPE_ID, EXTERNAL_CLAIM_ID,TENANT_ID) VALUES
            (6, 2,6, 1);
INSERT INTO IDN_CLAIM (ID, DIALECT_ID, CLAIM_URI,TENANT_ID) VALUES
            (7, 1,'updated_at', 1);
INSERT INTO IDN_OIDC_SCOPE_CLAIM_MAPPING  (ID, SCOPE_ID, EXTERNAL_CLAIM_ID,TENANT_ID) VALUES
            (7, 2,7, 1);
INSERT INTO IDN_CLAIM (ID, DIALECT_ID, CLAIM_URI,TENANT_ID) VALUES
            (8, 1,'email_verified',1);
INSERT INTO IDN_OIDC_SCOPE_CLAIM_MAPPING  (ID, SCOPE_ID, EXTERNAL_CLAIM_ID,TENANT_ID) VALUES
            (8, 2,8, 1);

INSERT INTO IDN_OIDC_SCOPE_CLAIM_MAPPING  (ID, SCOPE_ID, EXTERNAL_CLAIM_ID,TENANT_ID) VALUES
            (9, 2,1, 1);

INSERT INTO IDN_OIDC_SCOPE (ID, NAME, TENANT_ID) VALUES
            (10, 'address',-1234);
INSERT INTO IDN_CLAIM (ID, DIALECT_ID, CLAIM_URI,TENANT_ID) VALUES
            (10, 5,'address.country', -1234);
INSERT INTO IDN_OIDC_SCOPE_CLAIM_MAPPING  (ID, SCOPE_ID, EXTERNAL_CLAIM_ID,TENANT_ID) VALUES
            (10, 10,1, -1234);
INSERT INTO IDN_OIDC_SCOPE (ID, NAME, TENANT_ID) VALUES
            (11, 'openid', -1234);
INSERT INTO IDN_CLAIM (ID, DIALECT_ID, CLAIM_URI,TENANT_ID) VALUES
            (11, 5,'updated_at',-1234);
INSERT INTO IDN_CLAIM (ID, DIALECT_ID, CLAIM_URI,TENANT_ID) VALUES
            (12, 5,'sub', -1234);
INSERT INTO IDN_OIDC_SCOPE_CLAIM_MAPPING  (ID, SCOPE_ID, EXTERNAL_CLAIM_ID,TENANT_ID) VALUES
            (12, 11,11, -1234);
INSERT INTO IDN_OIDC_SCOPE_CLAIM_MAPPING  (ID, SCOPE_ID, EXTERNAL_CLAIM_ID,TENANT_ID) VALUES
            (13, 11,12, -1234);
INSERT INTO IDN_CLAIM (ID, DIALECT_ID, CLAIM_URI,TENANT_ID) VALUES
            (14, 5,'first_name', -1234);
INSERT INTO IDN_OIDC_SCOPE_CLAIM_MAPPING  (ID, SCOPE_ID, EXTERNAL_CLAIM_ID,TENANT_ID) VALUES
            (14, 11,14, -1234);
INSERT INTO IDN_CLAIM (ID, DIALECT_ID, CLAIM_URI,TENANT_ID) VALUES
            (15, 5,'role', -1234);
INSERT INTO IDN_OIDC_SCOPE_CLAIM_MAPPING  (ID, SCOPE_ID, EXTERNAL_CLAIM_ID,TENANT_ID) VALUES
            (15, 2,15, -1234);
INSERT INTO IDN_CLAIM (ID, DIALECT_ID, CLAIM_URI,TENANT_ID) VALUES
            (16, 5,'phone_number_verified', -1234);
INSERT INTO IDN_OIDC_SCOPE_CLAIM_MAPPING  (ID, SCOPE_ID, EXTERNAL_CLAIM_ID,TENANT_ID) VALUES
            (16, 11,16, -1234);
INSERT INTO IDN_CLAIM (ID, DIALECT_ID, CLAIM_URI,TENANT_ID) VALUES
            (17, 5,'email', -1234);
INSERT INTO IDN_OIDC_SCOPE_CLAIM_MAPPING  (ID, SCOPE_ID, EXTERNAL_CLAIM_ID,TENANT_ID) VALUES
            (17, 11,17, -1234);
INSERT INTO IDN_CLAIM (ID, DIALECT_ID, CLAIM_URI,TENANT_ID) VALUES
            (18, 5,'email_verified', -1234);
INSERT INTO IDN_OIDC_SCOPE_CLAIM_MAPPING  (ID, SCOPE_ID, EXTERNAL_CLAIM_ID,TENANT_ID) VALUES
            (18, 11,18, -1234);

INSERT INTO IDN_CLAIM (ID, DIALECT_ID, CLAIM_URI,TENANT_ID) VALUES
            (21, 5,'first_name',-1234);
INSERT INTO IDN_OIDC_SCOPE_CLAIM_MAPPING  (ID, SCOPE_ID, EXTERNAL_CLAIM_ID,TENANT_ID) VALUES
            (21, 2,21, -1234);
INSERT INTO IDN_CLAIM_DIALECT(ID,DIALECT_URI,TENANT_ID) VALUES (5,'http://wso2.org/oidc/claim',-1234);

